{
    "epoch": 1,
    "train_loss": 0.3024232160311995,
    "train_acc": 87.66351378546992,
    "train_precision": 0.9046376811594203,
    "train_recall": 0.9165932452276064,
    "train_f1": 0.9105762217359592,
    "val_loss": 0.24114029567975265,
    "val_acc": 91.15044247787611,
    "val_precision": 0.9491525423728814,
    "val_recall": 0.92018779342723,
    "val_f1": 0.9344457687723481,
    "lr": 2e-05
}