{
    "epoch": 3,
    "train_loss": 0.13231393718235554,
    "train_acc": 95.2706782048702,
    "train_precision": 0.967551622418879,
    "train_recall": 0.9632892804698973,
    "train_f1": 0.9654157468727005,
    "val_loss": 0.24473361458438328,
    "val_acc": 90.58728881737731,
    "val_precision": 0.9359430604982206,
    "val_recall": 0.926056338028169,
    "val_f1": 0.9309734513274336,
    "lr": 2e-05
}