{
    "epoch": 2,
    "train_loss": 0.1932924717898298,
    "train_acc": 92.59408331656269,
    "train_precision": 0.9464863275507204,
    "train_recall": 0.945374449339207,
    "train_f1": 0.9459300617102556,
    "val_loss": 0.26886145763385755,
    "val_acc": 90.66773934030572,
    "val_precision": 0.9349881796690307,
    "val_recall": 0.9284037558685446,
    "val_f1": 0.9316843345111896,
    "lr": 2e-05
}