{
    "steps": [
        10,
        20,
        30,
        40,
        50,
        60,
        70,
        80,
        90,
        100,
        110,
        120,
        130,
        140,
        150,
        160,
        170,
        180,
        190,
        200,
        210,
        220,
        230,
        240,
        250,
        260,
        270,
        280,
        290,
        300,
        310,
        320,
        330,
        340,
        350,
        360,
        370,
        380,
        390,
        400,
        410,
        420,
        430,
        440,
        450,
        460,
        470,
        480,
        490,
        500,
        510,
        520,
        530,
        540,
        550,
        560,
        570,
        580,
        590,
        600,
        610,
        620,
        630,
        640,
        650,
        660,
        670,
        680,
        690,
        700,
        710,
        720,
        730,
        740,
        750,
        760,
        770,
        780,
        790,
        800,
        810,
        820,
        830,
        840,
        850,
        860,
        870,
        880,
        890,
        900,
        910,
        920,
        930
    ],
    "train_loss": [
        0.6594765186309814,
        0.5098059177398682,
        0.2621934115886688,
        0.5598775744438171,
        0.2741478681564331,
        0.4182862937450409,
        0.3143673241138458,
        0.11415684223175049,
        0.4064624607563019,
        0.11753569543361664,
        0.24027960002422333,
        0.1893336921930313,
        0.21519428491592407,
        0.22329145669937134,
        0.3015632927417755,
        0.28646835684776306,
        0.20119065046310425,
        0.24133749306201935,
        0.2875802218914032,
        0.055034272372722626,
        0.2811864912509918,
        0.3835310935974121,
        0.08152448385953903,
        0.12493684887886047,
        0.158045694231987,
        0.23234981298446655,
        0.355379194021225,
        0.2853705585002899,
        0.41380348801612854,
        0.2515920102596283,
        0.1728793978691101,
        0.21359814703464508,
        0.227739617228508,
        0.049744490534067154,
        0.0583827868103981,
        0.16108663380146027,
        0.3658890724182129,
        0.1158553883433342,
        0.22341929376125336,
        0.12540462613105774,
        0.19034381210803986,
        0.16793258488178253,
        0.22615879774093628,
        0.066854327917099,
        0.08291026949882507,
        0.015909498557448387,
        0.4160556495189667,
        0.19773593544960022,
        0.01964656077325344,
        0.06293342262506485,
        0.1971876472234726,
        0.45331329107284546,
        0.22915953397750854,
        0.10653070360422134,
        0.35368722677230835,
        0.17556336522102356,
        0.028345631435513496,
        0.42295584082603455,
        0.3252566158771515,
        0.020238248631358147,
        0.21181657910346985,
        0.030198583379387856,
        0.23550285398960114,
        0.18670766055583954,
        0.22193975746631622,
        0.051504503935575485,
        0.04768737405538559,
        0.022539090365171432,
        0.14493347704410553,
        0.20855756103992462,
        0.052198391407728195,
        0.00519280880689621,
        0.16939188539981842,
        0.029328299686312675,
        0.016283821314573288,
        0.32722368836402893,
        0.04038771614432335,
        0.08931108564138412,
        0.24645033478736877,
        0.03734345734119415,
        0.10837731510400772,
        0.09573400765657425,
        0.06941710412502289,
        0.02954188361763954,
        0.2988485097885132,
        0.11385177820920944,
        0.15104883909225464,
        0.051227960735559464,
        0.007783525623381138,
        0.026195984333753586,
        0.019308747723698616,
        0.12413083761930466,
        0.4456733465194702
    ]
}