{
    "epochs": [
        1,
        2,
        3
    ],
    "train_loss": [
        0.3024232160311995,
        0.1932924717898298,
        0.13231393718235554
    ],
    "train_acc": [
        87.66351378546992,
        92.59408331656269,
        95.2706782048702
    ],
    "val_loss": [
        0.24114029567975265,
        0.26886145763385755,
        0.24473361458438328
    ],
    "val_acc": [
        91.15044247787611,
        90.66773934030572,
        90.58728881737731
    ],
    "best_val_acc": 91.15044247787611,
    "learning_rates": [
        2e-05,
        2e-05,
        2e-05,
        2e-05
    ]
}