{
    "epochs": [
        1,
        2,
        3
    ],
    "train_loss": [
        0.3819434619866885,
        0.22708176768934116,
        0.19444624051594964
    ],
    "train_acc": [
        84.04105453813645,
        91.1450996176293,
        92.25196216542564
    ],
    "val_loss": [
        0.3379729443635696,
        0.2888006023489512,
        0.29246931800093406
    ],
    "val_acc": [
        83.99034593724859,
        89.86323411102173,
        88.09332260659694
    ],
    "best_val_acc": 89.86323411102173,
    "learning_rates": [
        0.0001,
        0.0001,
        0.0001,
        0.0001
    ]
}