{
    "epoch": 2,
    "train_loss": 0.2114021924133293,
    "train_acc": 91.24572348561078,
    "train_precision": 0.9324403028538147,
    "train_recall": 0.9403817914831131,
    "train_f1": 0.9363942096797777,
    "val_loss": 0.23658666358544275,
    "val_acc": 90.42638777152051,
    "val_precision": 0.9552795031055901,
    "val_recall": 0.9025821596244131,
    "val_f1": 0.928183464091732,
    "lr": 0.0001
}