{
    "epoch": 3,
    "train_loss": 0.16593340734760156,
    "train_acc": 93.47957335479975,
    "train_precision": 0.9497810218978102,
    "train_recall": 0.955359765051395,
    "train_f1": 0.9525622254758419,
    "val_loss": 0.2938082350943333,
    "val_acc": 89.30008045052293,
    "val_precision": 0.9007803790412486,
    "val_recall": 0.9483568075117371,
    "val_f1": 0.923956546598056,
    "lr": 0.0001
}