{
    "epoch": 1,
    "train_loss": 0.3586597671397986,
    "train_acc": 85.22841618031798,
    "train_precision": 0.8829939776312016,
    "train_recall": 0.9042584434654919,
    "train_f1": 0.8934997098084736,
    "val_loss": 0.2455697271686334,
    "val_acc": 90.18503620273532,
    "val_precision": 0.9176201372997712,
    "val_recall": 0.9413145539906104,
    "val_f1": 0.929316338354577,
    "lr": 0.0001
}