{
    "steps": [
        10,
        20,
        30,
        40,
        50,
        60,
        70,
        80,
        90,
        100,
        110,
        120,
        130,
        140,
        150,
        160,
        170,
        180,
        190,
        200,
        210,
        220,
        230,
        240,
        250,
        260,
        270,
        280,
        290,
        300,
        310,
        320,
        330,
        340,
        350,
        360,
        370,
        380,
        390,
        400,
        410,
        420,
        430,
        440,
        450,
        460
    ],
    "train_loss": [
        0.8339924812316895,
        0.5336188673973083,
        0.44005659222602844,
        0.24683217704296112,
        0.2618023753166199,
        0.23262201249599457,
        0.3453020751476288,
        0.13254447281360626,
        0.20531879365444183,
        0.2538049519062042,
        0.26600998640060425,
        0.3202444314956665,
        0.4768851101398468,
        0.3003716766834259,
        0.19717998802661896,
        0.22190797328948975,
        0.20624595880508423,
        0.351504385471344,
        0.15723489224910736,
        0.29510512948036194,
        0.19228065013885498,
        0.3303259611129761,
        0.20126786828041077,
        0.13700111210346222,
        0.29374170303344727,
        0.1415846049785614,
        0.2087039053440094,
        0.1686689257621765,
        0.11589070409536362,
        0.09237106889486313,
        0.6033118367195129,
        0.11915197223424911,
        0.19346295297145844,
        0.18762120604515076,
        0.04040838032960892,
        0.0803958997130394,
        0.30693677067756653,
        0.08014192432165146,
        0.006492023356258869,
        0.067561075091362,
        0.2948530912399292,
        0.3740086555480957,
        0.4401702284812927,
        0.24985045194625854,
        0.11532343178987503,
        0.16413414478302002
    ]
}