{
    "epochs": [
        1,
        2,
        3
    ],
    "train_loss": [
        0.3586597671397986,
        0.2114021924133293,
        0.16593340734760156
    ],
    "train_acc": [
        85.22841618031798,
        91.24572348561078,
        93.47957335479975
    ],
    "val_loss": [
        0.2455697271686334,
        0.23658666358544275,
        0.2938082350943333
    ],
    "val_acc": [
        90.18503620273532,
        90.42638777152051,
        89.30008045052293
    ],
    "best_val_acc": 90.42638777152051,
    "learning_rates": [
        0.0001,
        0.0001,
        0.0001,
        0.0001
    ]
}